depth_tag;target;algo;params;ok;reason;n;k_used;cv_group;rmse;rmse_std;r2;r2_std
dados_010;dmp;ridge;"{""alpha"": 0.0}";True;;108;3;parcela;1.0184739983225388;0.228080566409922;-1.619989524626405;2.075763076624067
dados_010;dmp;ridge;"{""alpha"": 0.01}";True;;108;3;parcela;1.018451932042485;0.2279703822173993;-1.620388137996173;2.0765762396342247
dados_010;dmp;ridge;"{""alpha"": 0.1}";True;;108;3;parcela;1.018262811843086;0.22698180945375648;-1.6239920466127622;2.083878428141454
dados_010;dmp;ridge;"{""alpha"": 1.0}";True;;108;3;parcela;1.017032487455235;0.21741410623658797;-1.6608565548534833;2.1551690171380455
dados_010;dmp;ridge;"{""alpha"": 10.0}";True;;108;3;parcela;1.014692168012962;0.14753445420103203;-1.9721960563633936;2.7110944002093653
dados_010;dmp;ridge;"{""alpha"": 100.0}";True;;108;3;parcela;1.02568693715982;0.04041641313870828;-2.7480709800027934;3.9616757073248903
dados_010;dmp;rf;"{""max_depth"": null, ""min_samples_leaf"": 1, ""n_estimators"": 600}";True;;108;3;parcela;0.4884246603522236;0.094991631138254;0.4130645222927766;0.4556174424228644
dados_010;dmp;rf;"{""max_depth"": null, ""min_samples_leaf"": 2, ""n_estimators"": 600}";True;;108;3;parcela;0.44737493228134295;0.09497680911471944;0.5274867396547939;0.34706387576985476
dados_010;dmp;rf;"{""max_depth"": null, ""min_samples_leaf"": 4, ""n_estimators"": 600}";True;;108;3;parcela;0.4322675642874109;0.08667934943070346;0.5452010624912988;0.3479167830322205
dados_010;dmp;rf;"{""max_depth"": 3, ""min_samples_leaf"": 1, ""n_estimators"": 600}";True;;108;3;parcela;0.47750230369882046;0.11120383323713222;0.4873223674198452;0.34993066579668475
dados_010;dmp;rf;"{""max_depth"": 3, ""min_samples_leaf"": 2, ""n_estimators"": 600}";True;;108;3;parcela;0.44923070575600504;0.0974887619219887;0.5291486530732664;0.34012634817945614
dados_010;dmp;rf;"{""max_depth"": 3, ""min_samples_leaf"": 4, ""n_estimators"": 600}";True;;108;3;parcela;0.43492279464186523;0.08801945195160063;0.5423156674582295;0.34751912151392256
dados_010;dmp;rf;"{""max_depth"": 5, ""min_samples_leaf"": 1, ""n_estimators"": 600}";True;;108;3;parcela;0.48476676382700123;0.09394198317485482;0.42088711999388356;0.4503764236133362
dados_010;dmp;rf;"{""max_depth"": 5, ""min_samples_leaf"": 2, ""n_estimators"": 600}";True;;108;3;parcela;0.44881223643933293;0.09615320201114025;0.5269048385867657;0.3450099952298487
dados_010;dmp;rf;"{""max_depth"": 5, ""min_samples_leaf"": 4, ""n_estimators"": 600}";True;;108;3;parcela;0.4320075149362661;0.08652724301828511;0.5454127014889671;0.3480764496153998
dados_010;dmp;rf;"{""max_depth"": 8, ""min_samples_leaf"": 1, ""n_estimators"": 600}";True;;108;3;parcela;0.48910890418652575;0.09421981502416053;0.40871544646609564;0.46164205254173046
dados_010;dmp;rf;"{""max_depth"": 8, ""min_samples_leaf"": 2, ""n_estimators"": 600}";True;;108;3;parcela;0.4471829495462675;0.0948585994887623;0.5276502773985;0.3471850982724734
dados_010;dmp;rf;"{""max_depth"": 8, ""min_samples_leaf"": 4, ""n_estimators"": 600}";True;;108;3;parcela;0.4322675642874109;0.08667934943070346;0.5452010624912988;0.3479167830322205
dados_010;dmp;gbr;"{""learning_rate"": 0.03, ""max_depth"": 2, ""n_estimators"": 300}";True;;108;3;parcela;0.6483270814898859;0.1442129259536014;0.029886668895444595;0.6898148232319993
dados_010;dmp;gbr;"{""learning_rate"": 0.03, ""max_depth"": 3, ""n_estimators"": 300}";True;;108;3;parcela;0.6151658363530075;0.1313060710786731;0.1026355933844958;0.6634040622470174
dados_010;dmp;gbr;"{""learning_rate"": 0.03, ""max_depth"": 2, ""n_estimators"": 600}";True;;108;3;parcela;0.6773962044855121;0.15623461585591558;-0.0381865450515085;0.7152935889243284
dados_010;dmp;gbr;"{""learning_rate"": 0.03, ""max_depth"": 3, ""n_estimators"": 600}";True;;108;3;parcela;0.6184481909449899;0.13351789179037485;0.10068080729285016;0.6570573380094394
dados_010;dmp;gbr;"{""learning_rate"": 0.03, ""max_depth"": 2, ""n_estimators"": 900}";True;;108;3;parcela;0.6841028081795165;0.161369248143242;-0.04832567854107787;0.710332352973639
dados_010;dmp;gbr;"{""learning_rate"": 0.03, ""max_depth"": 3, ""n_estimators"": 900}";True;;108;3;parcela;0.6186940493651458;0.13428374436996326;0.10268280806658774;0.6527738650089874
dados_010;dmp;gbr;"{""learning_rate"": 0.05, ""max_depth"": 2, ""n_estimators"": 300}";True;;108;3;parcela;0.6952592014446589;0.16244905226591916;-0.08714528983675558;0.7416640164650399
dados_010;dmp;gbr;"{""learning_rate"": 0.05, ""max_depth"": 3, ""n_estimators"": 300}";True;;108;3;parcela;0.62817412386337;0.13640680307928799;0.07216008572241057;0.6778173398829295
dados_010;dmp;gbr;"{""learning_rate"": 0.05, ""max_depth"": 2, ""n_estimators"": 600}";True;;108;3;parcela;0.7094108599318644;0.16646265413207736;-0.1345509904148555;0.7763542877467878
dados_010;dmp;gbr;"{""learning_rate"": 0.05, ""max_depth"": 3, ""n_estimators"": 600}";True;;108;3;parcela;0.6281613221649972;0.13756036374989383;0.07666123355553012;0.6698988308877663
dados_010;dmp;gbr;"{""learning_rate"": 0.05, ""max_depth"": 2, ""n_estimators"": 900}";True;;108;3;parcela;0.7091720498341415;0.16727809051061626;-0.130393270987757;0.7697660314206008
dados_010;dmp;gbr;"{""learning_rate"": 0.05, ""max_depth"": 3, ""n_estimators"": 900}";True;;108;3;parcela;0.6282937020849404;0.13770082813000512;0.07667971191409466;0.6694592165587095
dados_010;dmp;gbr;"{""learning_rate"": 0.08, ""max_depth"": 2, ""n_estimators"": 300}";True;;108;3;parcela;0.6931403595172821;0.1543615736839048;-0.1075101850080838;0.7860639369013931
dados_010;dmp;gbr;"{""learning_rate"": 0.08, ""max_depth"": 3, ""n_estimators"": 300}";True;;108;3;parcela;0.633364999342373;0.12275653282653182;0.003835336144438539;0.7821444321939695
dados_010;dmp;gbr;"{""learning_rate"": 0.08, ""max_depth"": 2, ""n_estimators"": 600}";True;;108;3;parcela;0.6930578840487085;0.1531695668267104;-0.11217742823628862;0.7946571960499832
dados_010;dmp;gbr;"{""learning_rate"": 0.08, ""max_depth"": 3, ""n_estimators"": 600}";True;;108;3;parcela;0.6336154854912524;0.12291629202997778;0.003663641386888683;0.7816939439735904
dados_010;dmp;gbr;"{""learning_rate"": 0.08, ""max_depth"": 2, ""n_estimators"": 900}";True;;108;3;parcela;0.6939267527567501;0.15270626691015263;-0.11743892287257285;0.8010444083499824
dados_010;dmp;gbr;"{""learning_rate"": 0.08, ""max_depth"": 3, ""n_estimators"": 900}";True;;108;3;parcela;0.6336205926989191;0.1229272925879398;0.00368626236932316;0.7816390202823099
dados_010;rmp;ridge;"{""alpha"": 0.0}";True;;108;3;parcela;0.5092369991612695;0.11404028320496087;-0.007884640566188908;0.9673745792098992
dados_010;rmp;ridge;"{""alpha"": 0.01}";True;;108;3;parcela;0.5092708345658846;0.11391833546119277;-0.008525122556347334;0.9683416990651404
dados_010;rmp;ridge;"{""alpha"": 0.1}";True;;108;3;parcela;0.5095800522738019;0.11282426925848221;-0.014299598104069148;0.9770477579047288
dados_010;rmp;ridge;"{""alpha"": 1.0}";True;;108;3;parcela;0.5129953893916336;0.10224377740224037;-0.07270832239457414;1.064085974089639
dados_010;rmp;ridge;"{""alpha"": 10.0}";True;;108;3;parcela;0.5505692640935119;0.033257823453917194;-0.6349670008514344;1.866233177735011
dados_010;rmp;ridge;"{""alpha"": 100.0}";True;;108;3;parcela;0.7754483701532383;0.05713528404735627;-2.8221498079427234;4.5966422550505115
dados_010;rmp;rf;"{""max_depth"": null, ""min_samples_leaf"": 1, ""n_estimators"": 600}";True;;108;3;parcela;0.205883122448963;0.0482630737959697;0.796232293436295;0.2194661280565062
dados_010;rmp;rf;"{""max_depth"": null, ""min_samples_leaf"": 2, ""n_estimators"": 600}";True;;108;3;parcela;0.21251106405519593;0.05971039940917504;0.824715635279694;0.1674552876582357
dados_010;rmp;rf;"{""max_depth"": null, ""min_samples_leaf"": 4, ""n_estimators"": 600}";True;;108;3;parcela;0.28007234223441674;0.09684413585464055;0.804724803951983;0.11281040506115166
dados_010;rmp;rf;"{""max_depth"": 3, ""min_samples_leaf"": 1, ""n_estimators"": 600}";True;;108;3;parcela;0.19790216065342495;0.06051732813457686;0.8496412267055105;0.14189741024756303
dados_010;rmp;rf;"{""max_depth"": 3, ""min_samples_leaf"": 2, ""n_estimators"": 600}";True;;108;3;parcela;0.20896495894164843;0.0645967622793214;0.845914605085154;0.13697993895439242
dados_010;rmp;rf;"{""max_depth"": 3, ""min_samples_leaf"": 4, ""n_estimators"": 600}";True;;108;3;parcela;0.2815347340308153;0.09936677900481795;0.8062082394636825;0.10784403106075054
dados_010;rmp;rf;"{""max_depth"": 5, ""min_samples_leaf"": 1, ""n_estimators"": 600}";True;;108;3;parcela;0.20448011461261184;0.04901239900325983;0.7948539644544184;0.22272781096302274
dados_010;rmp;rf;"{""max_depth"": 5, ""min_samples_leaf"": 2, ""n_estimators"": 600}";True;;108;3;parcela;0.21039167328801792;0.060872553491519814;0.8264612479774724;0.16654690055730126
dados_010;rmp;rf;"{""max_depth"": 5, ""min_samples_leaf"": 4, ""n_estimators"": 600}";True;;108;3;parcela;0.2802203263071192;0.09694860529449578;0.8046165367167584;0.11275877710204511
dados_010;rmp;rf;"{""max_depth"": 8, ""min_samples_leaf"": 1, ""n_estimators"": 600}";True;;108;3;parcela;0.2071435878981204;0.047403799889630734;0.7961278784091546;0.21862276818932744
dados_010;rmp;rf;"{""max_depth"": 8, ""min_samples_leaf"": 2, ""n_estimators"": 600}";True;;108;3;parcela;0.21283307430501552;0.059127288371815495;0.8246334800781181;0.1673686158373865
dados_010;rmp;rf;"{""max_depth"": 8, ""min_samples_leaf"": 4, ""n_estimators"": 600}";True;;108;3;parcela;0.28007234223441674;0.09684413585464055;0.804724803951983;0.11281040506115166
dados_010;rmp;gbr;"{""learning_rate"": 0.03, ""max_depth"": 2, ""n_estimators"": 300}";True;;108;3;parcela;0.2896341772322029;0.09460704537463377;0.6824220410514469;0.29174732063184117
dados_010;rmp;gbr;"{""learning_rate"": 0.03, ""max_depth"": 3, ""n_estimators"": 300}";True;;108;3;parcela;0.3094444059629375;0.11918913823615213;0.628480326455227;0.3404472632043537
dados_010;rmp;gbr;"{""learning_rate"": 0.03, ""max_depth"": 2, ""n_estimators"": 600}";True;;108;3;parcela;0.3092404523649019;0.11650906022861367;0.6532825393355615;0.30395575235117145
dados_010;rmp;gbr;"{""learning_rate"": 0.03, ""max_depth"": 3, ""n_estimators"": 600}";True;;108;3;parcela;0.30716691777795824;0.1217762131322909;0.6451369675897802;0.3171614283537249
dados_010;rmp;gbr;"{""learning_rate"": 0.03, ""max_depth"": 2, ""n_estimators"": 900}";True;;108;3;parcela;0.3123547608543294;0.1193652708557889;0.6473080453298315;0.30793213248641105
dados_010;rmp;gbr;"{""learning_rate"": 0.03, ""max_depth"": 3, ""n_estimators"": 900}";True;;108;3;parcela;0.30693532773743754;0.12238101175264443;0.6471854379016314;0.3141334560468243
dados_010;rmp;gbr;"{""learning_rate"": 0.05, ""max_depth"": 2, ""n_estimators"": 300}";True;;108;3;parcela;0.2767533402669084;0.06611873293249444;0.6778164728663988;0.32255201137382994
dados_010;rmp;gbr;"{""learning_rate"": 0.05, ""max_depth"": 3, ""n_estimators"": 300}";True;;108;3;parcela;0.2925538686103308;0.08987584761711434;0.6295714511447869;0.3706513018525866
dados_010;rmp;gbr;"{""learning_rate"": 0.05, ""max_depth"": 2, ""n_estimators"": 600}";True;;108;3;parcela;0.2771214943001016;0.06312816231975321;0.6671290038399903;0.3393105183407722
dados_010;rmp;gbr;"{""learning_rate"": 0.05, ""max_depth"": 3, ""n_estimators"": 600}";True;;108;3;parcela;0.29224761741189126;0.09130748619457511;0.634741978425671;0.36264573472315625
dados_010;rmp;gbr;"{""learning_rate"": 0.05, ""max_depth"": 2, ""n_estimators"": 900}";True;;108;3;parcela;0.27871168394367707;0.06492900986690889;0.665635718635199;0.3392631664284357
dados_010;rmp;gbr;"{""learning_rate"": 0.05, ""max_depth"": 3, ""n_estimators"": 900}";True;;108;3;parcela;0.29223753391256707;0.0913026149973162;0.6349218995499863;0.36238405538000856
dados_010;rmp;gbr;"{""learning_rate"": 0.08, ""max_depth"": 2, ""n_estimators"": 300}";True;;108;3;parcela;0.30045645047577146;0.08769435923115691;0.6347814864087664;0.3532609582911561
dados_010;rmp;gbr;"{""learning_rate"": 0.08, ""max_depth"": 3, ""n_estimators"": 300}";True;;108;3;parcela;0.3096995258063942;0.12041708921407214;0.6209800691992927;0.35104324656149893
dados_010;rmp;gbr;"{""learning_rate"": 0.08, ""max_depth"": 2, ""n_estimators"": 600}";True;;108;3;parcela;0.3047258659128736;0.09226772621232002;0.6266466343961953;0.35876794479016244
dados_010;rmp;gbr;"{""learning_rate"": 0.08, ""max_depth"": 3, ""n_estimators"": 600}";True;;108;3;parcela;0.30976148488166005;0.1203179323094787;0.620545902786946;0.3516599903514168
dados_010;rmp;gbr;"{""learning_rate"": 0.08, ""max_depth"": 2, ""n_estimators"": 900}";True;;108;3;parcela;0.3050698804532593;0.09237700047675887;0.6255716376790765;0.35993256256214823
dados_010;rmp;gbr;"{""learning_rate"": 0.08, ""max_depth"": 3, ""n_estimators"": 900}";True;;108;3;parcela;0.309769852494769;0.12031905124373028;0.6205055401192574;0.3517099720060876
dados_010;densidade;ridge;"{""alpha"": 0.0}";True;;108;3;parcela;0.5250087962383803;0.16642046589310142;-2.230000623928133;4.223845295796592
dados_010;densidade;ridge;"{""alpha"": 0.01}";True;;108;3;parcela;0.5249452989596649;0.1663043435343977;-2.228564228999335;4.2219204532162005
dados_010;densidade;ridge;"{""alpha"": 0.1}";True;;108;3;parcela;0.5243838217589373;0.1652571229810706;-2.2161435809163597;4.205308682375887
dados_010;densidade;ridge;"{""alpha"": 1.0}";True;;108;3;parcela;0.5195507213831511;0.15470626282407382;-2.1308733580816974;4.093779881315864
dados_010;densidade;ridge;"{""alpha"": 10.0}";True;;108;3;parcela;0.4924688663584802;0.08911023205639548;-2.1673726670219975;4.200898501732466
dados_010;densidade;ridge;"{""alpha"": 100.0}";True;;108;3;parcela;0.5846888013102505;0.2586124561096509;-1.3512601796399377;2.8123463138513447
dados_010;densidade;rf;"{""max_depth"": null, ""min_samples_leaf"": 1, ""n_estimators"": 600}";True;;108;3;parcela;0.3940067768233988;0.3298421957353331;0.5658559653308602;0.31371600372676445
dados_010;densidade;rf;"{""max_depth"": null, ""min_samples_leaf"": 2, ""n_estimators"": 600}";True;;108;3;parcela;0.43570608459305094;0.27834013698807797;0.5542709897903927;0.2965658686217715
dados_010;densidade;rf;"{""max_depth"": null, ""min_samples_leaf"": 4, ""n_estimators"": 600}";True;;108;3;parcela;0.6011099922971488;0.3644848657979485;0.4577697855267866;0.13796469576458417
dados_010;densidade;rf;"{""max_depth"": 3, ""min_samples_leaf"": 1, ""n_estimators"": 600}";True;;108;3;parcela;0.406108849804385;0.32569431091559387;0.3665576707607899;0.5630289518962925
dados_010;densidade;rf;"{""max_depth"": 3, ""min_samples_leaf"": 2, ""n_estimators"": 600}";True;;108;3;parcela;0.43900125214575203;0.2727206241604239;0.4410136624453977;0.45059708791352654
dados_010;densidade;rf;"{""max_depth"": 3, ""min_samples_leaf"": 4, ""n_estimators"": 600}";True;;108;3;parcela;0.6103532183662913;0.35224995386458563;0.3194514824771408;0.3138345321159683
dados_010;densidade;rf;"{""max_depth"": 5, ""min_samples_leaf"": 1, ""n_estimators"": 600}";True;;108;3;parcela;0.3997612112016296;0.32540249256532594;0.49843465401468706;0.3940104375883176
dados_010;densidade;rf;"{""max_depth"": 5, ""min_samples_leaf"": 2, ""n_estimators"": 600}";True;;108;3;parcela;0.4382634178899647;0.27522059342169714;0.5132244694846321;0.35020787222415023
dados_010;densidade;rf;"{""max_depth"": 5, ""min_samples_leaf"": 4, ""n_estimators"": 600}";True;;108;3;parcela;0.6026541150414031;0.36254104882591537;0.43717190720908944;0.1614212237666325
dados_010;densidade;rf;"{""max_depth"": 8, ""min_samples_leaf"": 1, ""n_estimators"": 600}";True;;108;3;parcela;0.3942975903394232;0.32820080459312545;0.5521781373282405;0.33037613188575465
dados_010;densidade;rf;"{""max_depth"": 8, ""min_samples_leaf"": 2, ""n_estimators"": 600}";True;;108;3;parcela;0.4357955578417807;0.27845688994719914;0.5563513146049622;0.2936124524943021
dados_010;densidade;rf;"{""max_depth"": 8, ""min_samples_leaf"": 4, ""n_estimators"": 600}";True;;108;3;parcela;0.6011103639188454;0.3644843562208961;0.4577647018031676;0.13797025179728503
dados_010;densidade;gbr;"{""learning_rate"": 0.03, ""max_depth"": 2, ""n_estimators"": 300}";True;;108;3;parcela;0.3040317643473332;0.21270188058696013;0.662212569683638;0.30494659412331143
dados_010;densidade;gbr;"{""learning_rate"": 0.03, ""max_depth"": 3, ""n_estimators"": 300}";True;;108;3;parcela;0.32696445440235894;0.2139410491340826;0.3971425634875599;0.6590949652215291
dados_010;densidade;gbr;"{""learning_rate"": 0.03, ""max_depth"": 2, ""n_estimators"": 600}";True;;108;3;parcela;0.3068947579509144;0.21054611600756062;0.661599907463041;0.3043275919006756
dados_010;densidade;gbr;"{""learning_rate"": 0.03, ""max_depth"": 3, ""n_estimators"": 600}";True;;108;3;parcela;0.3283166436400828;0.21131650295333004;0.36634519771845775;0.7030679189745266
dados_010;densidade;gbr;"{""learning_rate"": 0.03, ""max_depth"": 2, ""n_estimators"": 900}";True;;108;3;parcela;0.30832795765282467;0.2113740412905651;0.6662043901126279;0.29643090283348045
dados_010;densidade;gbr;"{""learning_rate"": 0.03, ""max_depth"": 3, ""n_estimators"": 900}";True;;108;3;parcela;0.3285723589158708;0.21110005725145603;0.36308037795563375;0.70760120285567
dados_010;densidade;gbr;"{""learning_rate"": 0.05, ""max_depth"": 2, ""n_estimators"": 300}";True;;108;3;parcela;0.2627661981051412;0.15498826263917148;0.6899783450787478;0.319293613050725
dados_010;densidade;gbr;"{""learning_rate"": 0.05, ""max_depth"": 3, ""n_estimators"": 300}";True;;108;3;parcela;0.3055998037188659;0.18585225924223706;0.42651122012789333;0.6491151885627708
dados_010;densidade;gbr;"{""learning_rate"": 0.05, ""max_depth"": 2, ""n_estimators"": 600}";True;;108;3;parcela;0.26502702271984063;0.15540163398685666;0.6888310093376745;0.31914114420916007
dados_010;densidade;gbr;"{""learning_rate"": 0.05, ""max_depth"": 3, ""n_estimators"": 600}";True;;108;3;parcela;0.3062111795969627;0.18535363907051178;0.418485257192213;0.6602885631365629
dados_010;densidade;gbr;"{""learning_rate"": 0.05, ""max_depth"": 2, ""n_estimators"": 900}";True;;108;3;parcela;0.26511629960626926;0.15539756376765423;0.6904126963200197;0.3168257837596504
dados_010;densidade;gbr;"{""learning_rate"": 0.05, ""max_depth"": 3, ""n_estimators"": 900}";True;;108;3;parcela;0.30622336705550074;0.18530610529447814;0.41791992333856776;0.6611069294683627
dados_010;densidade;gbr;"{""learning_rate"": 0.08, ""max_depth"": 2, ""n_estimators"": 300}";True;;108;3;parcela;0.2656384934618038;0.15427723595665435;0.6920291708379418;0.31453064877446785
dados_010;densidade;gbr;"{""learning_rate"": 0.08, ""max_depth"": 3, ""n_estimators"": 300}";True;;108;3;parcela;0.3030488505248092;0.18664111741431222;0.46702179570764685;0.5930893559935189
dados_010;densidade;gbr;"{""learning_rate"": 0.08, ""max_depth"": 2, ""n_estimators"": 600}";True;;108;3;parcela;0.2662684834802687;0.15447284544958068;0.6914694236366667;0.3147975640214759
dados_010;densidade;gbr;"{""learning_rate"": 0.08, ""max_depth"": 3, ""n_estimators"": 600}";True;;108;3;parcela;0.30303881281407163;0.1866539921890339;0.4677935857507745;0.5919917417996308
dados_010;densidade;gbr;"{""learning_rate"": 0.08, ""max_depth"": 2, ""n_estimators"": 900}";True;;108;3;parcela;0.2662230494942565;0.15449723158121184;0.6930635038406381;0.31255245806094334
dados_010;densidade;gbr;"{""learning_rate"": 0.08, ""max_depth"": 3, ""n_estimators"": 900}";True;;108;3;parcela;0.3030409947190828;0.186653849987916;0.46779841326830424;0.5919831377022293
dados_010;n_espigas_com;ridge;"{""alpha"": 0.0}";True;;108;3;parcela;7.85445271085564e-12;5.377174659055473e-12;1.0;0.0
dados_010;n_espigas_com;ridge;"{""alpha"": 0.01}";True;;108;3;parcela;1.7182649557072514;0.6725084459979622;0.9999992412815163;4.5460319418723743e-07
dados_010;n_espigas_com;ridge;"{""alpha"": 0.1}";True;;108;3;parcela;16.90079507642901;6.632226515170564;0.9999267126154923;4.393370728154e-05
dados_010;n_espigas_com;ridge;"{""alpha"": 1.0}";True;;108;3;parcela;146.15824353454008;58.72241638837109;0.9945929887218466;0.0032716518532656283
dados_010;n_espigas_com;ridge;"{""alpha"": 10.0}";True;;108;3;parcela;737.1489183044587;312.91165562810625;0.8715511514666016;0.08422185848055537
dados_010;n_espigas_com;ridge;"{""alpha"": 100.0}";True;;108;3;parcela;2024.3057505760098;700.6411677049092;0.17458822068920546;0.4072382384969812
dados_010;n_espigas_com;rf;"{""max_depth"": null, ""min_samples_leaf"": 1, ""n_estimators"": 600}";True;;108;3;parcela;1114.5608547630616;289.51723191036103;0.7524969257735945;0.07266954920381782
dados_010;n_espigas_com;rf;"{""max_depth"": null, ""min_samples_leaf"": 2, ""n_estimators"": 600}";True;;108;3;parcela;1085.4242484700817;274.2250765159342;0.7664166166584074;0.06139056050548517
dados_010;n_espigas_com;rf;"{""max_depth"": null, ""min_samples_leaf"": 4, ""n_estimators"": 600}";True;;108;3;parcela;1080.7908017128;262.18640909014556;0.7711239730583328;0.043082060252801604
dados_010;n_espigas_com;rf;"{""max_depth"": 3, ""min_samples_leaf"": 1, ""n_estimators"": 600}";True;;108;3;parcela;1159.5235274516144;312.32802874163485;0.7300507988224881;0.08976965515782957
dados_010;n_espigas_com;rf;"{""max_depth"": 3, ""min_samples_leaf"": 2, ""n_estimators"": 600}";True;;108;3;parcela;1122.4561708286878;280.88397629684374;0.7489008699818371;0.06840867026402173
dados_010;n_espigas_com;rf;"{""max_depth"": 3, ""min_samples_leaf"": 4, ""n_estimators"": 600}";True;;108;3;parcela;1096.4428675711135;254.6300671915507;0.7637213789172238;0.03983237100115317
dados_010;n_espigas_com;rf;"{""max_depth"": 5, ""min_samples_leaf"": 1, ""n_estimators"": 600}";True;;108;3;parcela;1099.5020903852467;279.77758902693876;0.7597785611390142;0.06580887754017466
dados_010;n_espigas_com;rf;"{""max_depth"": 5, ""min_samples_leaf"": 2, ""n_estimators"": 600}";True;;108;3;parcela;1091.9593602435887;276.7321222531381;0.76340231492372;0.06322813626976587
dados_010;n_espigas_com;rf;"{""max_depth"": 5, ""min_samples_leaf"": 4, ""n_estimators"": 600}";True;;108;3;parcela;1080.7915794953335;262.18690901641196;0.7711236950111608;0.04308207595386803
dados_010;n_espigas_com;rf;"{""max_depth"": 8, ""min_samples_leaf"": 1, ""n_estimators"": 600}";True;;108;3;parcela;1115.002127214423;290.000113755302;0.7522817389216637;0.07296952985575335
dados_010;n_espigas_com;rf;"{""max_depth"": 8, ""min_samples_leaf"": 2, ""n_estimators"": 600}";True;;108;3;parcela;1085.4242484700817;274.2250765159342;0.7664166166584074;0.06139056050548517
dados_010;n_espigas_com;rf;"{""max_depth"": 8, ""min_samples_leaf"": 4, ""n_estimators"": 600}";True;;108;3;parcela;1080.7908017128;262.18640909014556;0.7711239730583328;0.043082060252801604
dados_010;n_espigas_com;gbr;"{""learning_rate"": 0.03, ""max_depth"": 2, ""n_estimators"": 300}";True;;108;3;parcela;952.3794252689755;383.60209942307944;0.8212805634744121;0.09929461300845137
dados_010;n_espigas_com;gbr;"{""learning_rate"": 0.03, ""max_depth"": 3, ""n_estimators"": 300}";True;;108;3;parcela;1026.9191356785936;318.87766118485075;0.7952993215636331;0.07024964758768261
dados_010;n_espigas_com;gbr;"{""learning_rate"": 0.03, ""max_depth"": 2, ""n_estimators"": 600}";True;;108;3;parcela;951.7708594631227;383.1329177852996;0.8215130716172782;0.09909394880109991
dados_010;n_espigas_com;gbr;"{""learning_rate"": 0.03, ""max_depth"": 3, ""n_estimators"": 600}";True;;108;3;parcela;1026.723806744272;318.74266485111457;0.7953750530434868;0.07019451748241251
dados_010;n_espigas_com;gbr;"{""learning_rate"": 0.03, ""max_depth"": 2, ""n_estimators"": 900}";True;;108;3;parcela;951.770600308358;383.1327096076176;0.8215131737478639;0.0990938524834929
dados_010;n_espigas_com;gbr;"{""learning_rate"": 0.03, ""max_depth"": 3, ""n_estimators"": 900}";True;;108;3;parcela;1026.7237812196875;318.7426467310598;0.7953750629829495;0.07019450990333137
dados_010;n_espigas_com;gbr;"{""learning_rate"": 0.05, ""max_depth"": 2, ""n_estimators"": 300}";True;;108;3;parcela;928.3525803641187;358.001194176886;0.8324042996240717;0.08355299865644954
dados_010;n_espigas_com;gbr;"{""learning_rate"": 0.05, ""max_depth"": 3, ""n_estimators"": 300}";True;;108;3;parcela;996.9880672504247;244.72748317614074;0.8073640871536222;0.024478106424685807
dados_010;n_espigas_com;gbr;"{""learning_rate"": 0.05, ""max_depth"": 2, ""n_estimators"": 600}";True;;108;3;parcela;928.349549499143;357.9987556487144;0.8324054331703682;0.08355196465961509
dados_010;n_espigas_com;gbr;"{""learning_rate"": 0.05, ""max_depth"": 3, ""n_estimators"": 600}";True;;108;3;parcela;996.9876263623097;244.7271999445048;0.8073642462182095;0.024478001857027143
dados_010;n_espigas_com;gbr;"{""learning_rate"": 0.05, ""max_depth"": 2, ""n_estimators"": 900}";True;;108;3;parcela;928.3495494989812;357.99875564845627;0.8324054331704426;0.08355196465948156
dados_010;n_espigas_com;gbr;"{""learning_rate"": 0.05, ""max_depth"": 3, ""n_estimators"": 900}";True;;108;3;parcela;996.9876263623097;244.7271999445048;0.8073642462182095;0.024478001857027143
dados_010;n_espigas_com;gbr;"{""learning_rate"": 0.08, ""max_depth"": 2, ""n_estimators"": 300}";True;;108;3;parcela;918.986467720993;351.9814366293129;0.8349406720277921;0.0835793099625529
dados_010;n_espigas_com;gbr;"{""learning_rate"": 0.08, ""max_depth"": 3, ""n_estimators"": 300}";True;;108;3;parcela;919.0263142814098;280.9827158469748;0.8402117361577996;0.03459976416651069
dados_010;n_espigas_com;gbr;"{""learning_rate"": 0.08, ""max_depth"": 2, ""n_estimators"": 600}";True;;108;3;parcela;918.9867172394919;351.9811745568412;0.8349405821697701;0.08357924930466931
dados_010;n_espigas_com;gbr;"{""learning_rate"": 0.08, ""max_depth"": 3, ""n_estimators"": 600}";True;;108;3;parcela;919.0263142548247;280.98271583144964;0.8402117361668218;0.034599764160746796
dados_010;n_espigas_com;gbr;"{""learning_rate"": 0.08, ""max_depth"": 2, ""n_estimators"": 900}";True;;108;3;parcela;918.9866125393637;351.9813207899688;0.8349406185234679;0.08357928939706934
dados_010;n_espigas_com;gbr;"{""learning_rate"": 0.08, ""max_depth"": 3, ""n_estimators"": 900}";True;;108;3;parcela;919.0263142548247;280.98271583144964;0.8402117361668218;0.034599764160746796
dados_010;peso_espigas;ridge;"{""alpha"": 0.0}";True;;108;3;parcela;214.5724136289275;45.741244202742585;0.8242571353181166;0.08848158115869986
dados_010;peso_espigas;ridge;"{""alpha"": 0.01}";True;;108;3;parcela;214.56587812469184;45.688808724531604;0.8243648895472866;0.08822987104783793
dados_010;peso_espigas;ridge;"{""alpha"": 0.1}";True;;108;3;parcela;214.55385156604825;45.20039575311942;0.8252432110654211;0.0860179915147671
dados_010;peso_espigas;ridge;"{""alpha"": 1.0}";True;;108;3;parcela;217.65147720741038;39.92460627930636;0.8274016787095108;0.06776028224557935
dados_010;peso_espigas;ridge;"{""alpha"": 10.0}";True;;108;3;parcela;284.4547706538464;79.40187369979196;0.7196303182575474;0.1069847023691164
dados_010;peso_espigas;ridge;"{""alpha"": 100.0}";True;;108;3;parcela;572.1653485189039;227.95819819458725;-0.0995082116979333;0.6380891341706345
dados_010;peso_espigas;rf;"{""max_depth"": null, ""min_samples_leaf"": 1, ""n_estimators"": 600}";True;;108;3;parcela;436.4216287785078;89.78335294383265;0.32589011505178805;0.2079171924461123
dados_010;peso_espigas;rf;"{""max_depth"": null, ""min_samples_leaf"": 2, ""n_estimators"": 600}";True;;108;3;parcela;429.53360062065514;79.80505903651122;0.34472450816707995;0.19458658641599366
dados_010;peso_espigas;rf;"{""max_depth"": null, ""min_samples_leaf"": 4, ""n_estimators"": 600}";True;;108;3;parcela;434.2837968610974;74.00902968057159;0.33127292175100437;0.18848337090689024
dados_010;peso_espigas;rf;"{""max_depth"": 3, ""min_samples_leaf"": 1, ""n_estimators"": 600}";True;;108;3;parcela;457.63051340961647;89.09664787541946;0.24264334548909036;0.25676597160234826
dados_010;peso_espigas;rf;"{""max_depth"": 3, ""min_samples_leaf"": 2, ""n_estimators"": 600}";True;;108;3;parcela;454.61605832296726;86.49000166702136;0.25066503190591866;0.2552201950626594
dados_010;peso_espigas;rf;"{""max_depth"": 3, ""min_samples_leaf"": 4, ""n_estimators"": 600}";True;;108;3;parcela;438.27146284353086;69.46709265966837;0.31163056501579317;0.20683244371604975
dados_010;peso_espigas;rf;"{""max_depth"": 5, ""min_samples_leaf"": 1, ""n_estimators"": 600}";True;;108;3;parcela;435.9081746296509;86.42294346829564;0.32590487371624116;0.20599970919418534
dados_010;peso_espigas;rf;"{""max_depth"": 5, ""min_samples_leaf"": 2, ""n_estimators"": 600}";True;;108;3;parcela;431.67368842801534;83.0881059382032;0.3382839067820839;0.2000394276662007
dados_010;peso_espigas;rf;"{""max_depth"": 5, ""min_samples_leaf"": 4, ""n_estimators"": 600}";True;;108;3;parcela;434.21779291080725;73.91960872399957;0.33149283889723363;0.18830425558771133
dados_010;peso_espigas;rf;"{""max_depth"": 8, ""min_samples_leaf"": 1, ""n_estimators"": 600}";True;;108;3;parcela;436.1064755542281;89.40975525876908;0.3268677549408509;0.2071010835503063
dados_010;peso_espigas;rf;"{""max_depth"": 8, ""min_samples_leaf"": 2, ""n_estimators"": 600}";True;;108;3;parcela;429.54502723994113;79.80730263322387;0.34470338784765325;0.1945630007547765
dados_010;peso_espigas;rf;"{""max_depth"": 8, ""min_samples_leaf"": 4, ""n_estimators"": 600}";True;;108;3;parcela;434.2837968610974;74.00902968057159;0.33127292175100437;0.18848337090689024
dados_010;peso_espigas;gbr;"{""learning_rate"": 0.03, ""max_depth"": 2, ""n_estimators"": 300}";True;;108;3;parcela;449.2647158596058;73.92639907104214;0.2972770396208391;0.16044295043393275
dados_010;peso_espigas;gbr;"{""learning_rate"": 0.03, ""max_depth"": 3, ""n_estimators"": 300}";True;;108;3;parcela;442.19653168541316;100.26576734507962;0.32522015577905816;0.19064255608294828
dados_010;peso_espigas;gbr;"{""learning_rate"": 0.03, ""max_depth"": 2, ""n_estimators"": 600}";True;;108;3;parcela;448.00950565229283;72.5002101363546;0.3000699364941818;0.16216637566483127
dados_010;peso_espigas;gbr;"{""learning_rate"": 0.03, ""max_depth"": 3, ""n_estimators"": 600}";True;;108;3;parcela;442.0856254573296;99.99358920631498;0.32577816309330726;0.18934179183492084
dados_010;peso_espigas;gbr;"{""learning_rate"": 0.03, ""max_depth"": 2, ""n_estimators"": 900}";True;;108;3;parcela;449.8068205074362;73.66988877442583;0.2951175806941519;0.16202359729343935
dados_010;peso_espigas;gbr;"{""learning_rate"": 0.03, ""max_depth"": 3, ""n_estimators"": 900}";True;;108;3;parcela;442.2314975406516;100.12128145360315;0.3253546184952746;0.18965145192888494
dados_010;peso_espigas;gbr;"{""learning_rate"": 0.05, ""max_depth"": 2, ""n_estimators"": 300}";True;;108;3;parcela;463.4406583423924;84.98170606572465;0.2587115914751606;0.1615031231806415
dados_010;peso_espigas;gbr;"{""learning_rate"": 0.05, ""max_depth"": 3, ""n_estimators"": 300}";True;;108;3;parcela;430.7230824806427;84.64574241005005;0.3568704990559833;0.1598467309284884
dados_010;peso_espigas;gbr;"{""learning_rate"": 0.05, ""max_depth"": 2, ""n_estimators"": 600}";True;;108;3;parcela;463.58216858097984;84.5990570455977;0.2585571879434903;0.1596982633268908
dados_010;peso_espigas;gbr;"{""learning_rate"": 0.05, ""max_depth"": 3, ""n_estimators"": 600}";True;;108;3;parcela;430.97148563430756;84.80667705857228;0.35630252588752453;0.15971990240365858
dados_010;peso_espigas;gbr;"{""learning_rate"": 0.05, ""max_depth"": 2, ""n_estimators"": 900}";True;;108;3;parcela;464.1431063186379;84.95054948083377;0.2568613132979262;0.16022228910339129
dados_010;peso_espigas;gbr;"{""learning_rate"": 0.05, ""max_depth"": 3, ""n_estimators"": 900}";True;;108;3;parcela;430.9891790503627;84.82074375494544;0.35625478739812405;0.15973846049600252
dados_010;peso_espigas;gbr;"{""learning_rate"": 0.08, ""max_depth"": 2, ""n_estimators"": 300}";True;;108;3;parcela;450.66287024432785;80.48845675235107;0.30300180450764014;0.1330907854336299
dados_010;peso_espigas;gbr;"{""learning_rate"": 0.08, ""max_depth"": 3, ""n_estimators"": 300}";True;;108;3;parcela;449.7711302036259;107.76866599698873;0.2959838579489886;0.2259614944296619
dados_010;peso_espigas;gbr;"{""learning_rate"": 0.08, ""max_depth"": 2, ""n_estimators"": 600}";True;;108;3;parcela;451.7596501685263;81.1148842006741;0.2998856455120899;0.1333999911970572
dados_010;peso_espigas;gbr;"{""learning_rate"": 0.08, ""max_depth"": 3, ""n_estimators"": 600}";True;;108;3;parcela;449.812523631558;107.8155040216064;0.295855880691785;0.22609109768949437
dados_010;peso_espigas;gbr;"{""learning_rate"": 0.08, ""max_depth"": 2, ""n_estimators"": 900}";True;;108;3;parcela;451.9941290131219;81.23423125079239;0.29916405982886296;0.1336687631320303
dados_010;peso_espigas;gbr;"{""learning_rate"": 0.08, ""max_depth"": 3, ""n_estimators"": 900}";True;;108;3;parcela;449.8170247783045;107.82041637780968;0.29584135755460766;0.2261060662787546
dados_1020;dmp;ridge;"{""alpha"": 0.0}";True;;108;3;parcela;2.261069846319081;0.4824497496256118;-14.046372555972836;6.600722096623337
dados_1020;dmp;ridge;"{""alpha"": 0.01}";True;;108;3;parcela;2.2605289503702206;0.48180166299324106;-14.037829321010285;6.591095278040039
dados_1020;dmp;ridge;"{""alpha"": 0.1}";True;;108;3;parcela;2.2557414333389283;0.4760893192879649;-13.962420915219413;6.50645586807137
dados_1020;dmp;ridge;"{""alpha"": 1.0}";True;;108;3;parcela;2.2143544580328705;0.4285910796436388;-13.325756189590086;5.817096890604574
dados_1020;dmp;ridge;"{""alpha"": 10.0}";True;;108;3;parcela;2.0143896602154285;0.25009609680253414;-10.565598526159864;3.380034273735198
dados_1020;dmp;ridge;"{""alpha"": 100.0}";True;;108;3;parcela;1.6221740431511196;0.20418720478022934;-6.139493164094211;0.5224964891408546
dados_1020;dmp;rf;"{""max_depth"": null, ""min_samples_leaf"": 1, ""n_estimators"": 600}";True;;108;3;parcela;1.4787994746609094;0.4795112765402019;-5.178237762147831;3.3330531301982464
dados_1020;dmp;rf;"{""max_depth"": null, ""min_samples_leaf"": 2, ""n_estimators"": 600}";True;;108;3;parcela;1.4836732975361968;0.44719373957214537;-5.145047178243437;2.9917879290680602
dados_1020;dmp;rf;"{""max_depth"": null, ""min_samples_leaf"": 4, ""n_estimators"": 600}";True;;108;3;parcela;1.5486754941785243;0.34202249010398117;-5.608352442976952;2.2886369483336804
dados_1020;dmp;rf;"{""max_depth"": 3, ""min_samples_leaf"": 1, ""n_estimators"": 600}";True;;108;3;parcela;1.5149019397837156;0.39738967725011837;-5.364526835131841;2.6996720061414132
dados_1020;dmp;rf;"{""max_depth"": 3, ""min_samples_leaf"": 2, ""n_estimators"": 600}";True;;108;3;parcela;1.512929625417237;0.385245485971315;-5.333609711526787;2.582008681395024
dados_1020;dmp;rf;"{""max_depth"": 3, ""min_samples_leaf"": 4, ""n_estimators"": 600}";True;;108;3;parcela;1.5481682789736062;0.32987814933084;-5.600434005764572;2.1946033914993985
dados_1020;dmp;rf;"{""max_depth"": 5, ""min_samples_leaf"": 1, ""n_estimators"": 600}";True;;108;3;parcela;1.4866851563752383;0.4603185678677332;-5.210513411228685;3.182361236337427
dados_1020;dmp;rf;"{""max_depth"": 5, ""min_samples_leaf"": 2, ""n_estimators"": 600}";True;;108;3;parcela;1.4915781870786065;0.43560136519053483;-5.195423802960062;2.915034792055096
dados_1020;dmp;rf;"{""max_depth"": 5, ""min_samples_leaf"": 4, ""n_estimators"": 600}";True;;108;3;parcela;1.5490236486653028;0.34235535118849525;-5.612153772178975;2.294187086331035
dados_1020;dmp;rf;"{""max_depth"": 8, ""min_samples_leaf"": 1, ""n_estimators"": 600}";True;;108;3;parcela;1.4716052848930843;0.47029218910885023;-5.102932204960418;3.2284232544458287
dados_1020;dmp;rf;"{""max_depth"": 8, ""min_samples_leaf"": 2, ""n_estimators"": 600}";True;;108;3;parcela;1.4845915250938038;0.44802531730964135;-5.154105357362577;3.0024619062400544
dados_1020;dmp;rf;"{""max_depth"": 8, ""min_samples_leaf"": 4, ""n_estimators"": 600}";True;;108;3;parcela;1.5486754941785243;0.34202249010398117;-5.608352442976952;2.2886369483336804
dados_1020;dmp;gbr;"{""learning_rate"": 0.03, ""max_depth"": 2, ""n_estimators"": 300}";True;;108;3;parcela;1.5411029473781561;0.49726767486979584;-5.84137610858901;3.9818792990770833
dados_1020;dmp;gbr;"{""learning_rate"": 0.03, ""max_depth"": 3, ""n_estimators"": 300}";True;;108;3;parcela;1.520374672639482;0.5857953069456353;-5.923548157767237;4.922542561537994
dados_1020;dmp;gbr;"{""learning_rate"": 0.03, ""max_depth"": 2, ""n_estimators"": 600}";True;;108;3;parcela;1.5270327040424725;0.5259847042209305;-5.798828618315954;4.264673850472781
dados_1020;dmp;gbr;"{""learning_rate"": 0.03, ""max_depth"": 3, ""n_estimators"": 600}";True;;108;3;parcela;1.5177964533097785;0.5886582644736488;-5.907985060409309;4.93917601393703
dados_1020;dmp;gbr;"{""learning_rate"": 0.03, ""max_depth"": 2, ""n_estimators"": 900}";True;;108;3;parcela;1.5245429872562175;0.5216348860250488;-5.775904338255729;4.233113290287522
dados_1020;dmp;gbr;"{""learning_rate"": 0.03, ""max_depth"": 3, ""n_estimators"": 900}";True;;108;3;parcela;1.5163714554378174;0.5896839234974923;-5.897444946799848;4.941579535484971
dados_1020;dmp;gbr;"{""learning_rate"": 0.05, ""max_depth"": 2, ""n_estimators"": 300}";True;;108;3;parcela;1.5036760385320405;0.5031731452875376;-5.545784043325065;3.9548925703108804
dados_1020;dmp;gbr;"{""learning_rate"": 0.05, ""max_depth"": 3, ""n_estimators"": 300}";True;;108;3;parcela;1.5490210394784105;0.6025549731413478;-6.273575158206794;5.319514691599881
dados_1020;dmp;gbr;"{""learning_rate"": 0.05, ""max_depth"": 2, ""n_estimators"": 600}";True;;108;3;parcela;1.4997594884429495;0.5015097636093635;-5.519718151603603;3.952576202503835
dados_1020;dmp;gbr;"{""learning_rate"": 0.05, ""max_depth"": 3, ""n_estimators"": 600}";True;;108;3;parcela;1.5465716789216721;0.6054764403181796;-6.261596009527204;5.343503685012235
dados_1020;dmp;gbr;"{""learning_rate"": 0.05, ""max_depth"": 2, ""n_estimators"": 900}";True;;108;3;parcela;1.4927048284886848;0.4980192948936774;-5.450040756119297;3.8893946935156003
dados_1020;dmp;gbr;"{""learning_rate"": 0.05, ""max_depth"": 3, ""n_estimators"": 900}";True;;108;3;parcela;1.5468957100116922;0.606117934135648;-6.265237260525189;5.349481256937623
dados_1020;dmp;gbr;"{""learning_rate"": 0.08, ""max_depth"": 2, ""n_estimators"": 300}";True;;108;3;parcela;1.5278600030516751;0.5340557905580285;-5.844091746144685;4.394698043009287
dados_1020;dmp;gbr;"{""learning_rate"": 0.08, ""max_depth"": 3, ""n_estimators"": 300}";True;;108;3;parcela;1.5378958199347206;0.5393368553808462;-6.008742830501821;4.62065522486376
dados_1020;dmp;gbr;"{""learning_rate"": 0.08, ""max_depth"": 2, ""n_estimators"": 600}";True;;108;3;parcela;1.5203881803680497;0.5356201723705684;-5.787672416100065;4.3949428657692415
dados_1020;dmp;gbr;"{""learning_rate"": 0.08, ""max_depth"": 3, ""n_estimators"": 600}";True;;108;3;parcela;1.5379771849851995;0.5406250515431179;-6.0118705713992675;4.632754284587785
dados_1020;dmp;gbr;"{""learning_rate"": 0.08, ""max_depth"": 2, ""n_estimators"": 900}";True;;108;3;parcela;1.5201067952278589;0.5356741103433597;-5.782630636293921;4.3881114148969305
dados_1020;dmp;gbr;"{""learning_rate"": 0.08, ""max_depth"": 3, ""n_estimators"": 900}";True;;108;3;parcela;1.5378863333186468;0.5405356457705931;-6.010858551526579;4.63153195893832
dados_1020;rmp;ridge;"{""alpha"": 0.0}";True;;108;3;parcela;1.3128048377358281;0.05224446556451174;-1.3858363081801226;1.203628834780988
dados_1020;rmp;ridge;"{""alpha"": 0.01}";True;;108;3;parcela;1.3124272924953875;0.05203288805963934;-1.3845324616082877;1.203147725590288
dados_1020;rmp;ridge;"{""alpha"": 0.1}";True;;108;3;parcela;1.3091048602879585;0.05020653557565713;-1.373059819459438;1.1988722283269964
dados_1020;rmp;ridge;"{""alpha"": 1.0}";True;;108;3;parcela;1.2818520495587002;0.03824740927488745;-1.2788497869610211;1.1604320057224697
dados_1020;rmp;ridge;"{""alpha"": 10.0}";True;;108;3;parcela;1.1850582582802047;0.04473154825451755;-0.9254096816023479;0.9279798273720812
dados_1020;rmp;ridge;"{""alpha"": 100.0}";True;;108;3;parcela;1.0605720287799025;0.09347456170127605;-0.4330954503785518;0.40999518393949735
dados_1020;rmp;rf;"{""max_depth"": null, ""min_samples_leaf"": 1, ""n_estimators"": 600}";True;;108;3;parcela;1.211115173840058;0.14577133394638478;-0.9086669263920611;0.6718349928977284
dados_1020;rmp;rf;"{""max_depth"": null, ""min_samples_leaf"": 2, ""n_estimators"": 600}";True;;108;3;parcela;1.2095669505202775;0.14397619160265784;-0.9019927908996049;0.6644564953915332
dados_1020;rmp;rf;"{""max_depth"": null, ""min_samples_leaf"": 4, ""n_estimators"": 600}";True;;108;3;parcela;1.1856095341255717;0.10610540554135288;-0.8214043464316467;0.6140500285176251
dados_1020;rmp;rf;"{""max_depth"": 3, ""min_samples_leaf"": 1, ""n_estimators"": 600}";True;;108;3;parcela;1.221272668532401;0.141664159779738;-0.9473595129444696;0.7014968433614746
dados_1020;rmp;rf;"{""max_depth"": 3, ""min_samples_leaf"": 2, ""n_estimators"": 600}";True;;108;3;parcela;1.2148523127106001;0.14200340037484185;-0.9175031644845033;0.6663121853377005
dados_1020;rmp;rf;"{""max_depth"": 3, ""min_samples_leaf"": 4, ""n_estimators"": 600}";True;;108;3;parcela;1.176912040721789;0.10865729982976917;-0.796659781344584;0.6114669651612394
dados_1020;rmp;rf;"{""max_depth"": 5, ""min_samples_leaf"": 1, ""n_estimators"": 600}";True;;108;3;parcela;1.2155198876172593;0.1409586762395694;-0.9218494442084652;0.6735158866739467
dados_1020;rmp;rf;"{""max_depth"": 5, ""min_samples_leaf"": 2, ""n_estimators"": 600}";True;;108;3;parcela;1.2115085968874266;0.14092839594472378;-0.9071179603545468;0.6629764254922461
dados_1020;rmp;rf;"{""max_depth"": 5, ""min_samples_leaf"": 4, ""n_estimators"": 600}";True;;108;3;parcela;1.1852456511207;0.10614706985089728;-0.8200221255695315;0.6128457651958459
dados_1020;rmp;rf;"{""max_depth"": 8, ""min_samples_leaf"": 1, ""n_estimators"": 600}";True;;108;3;parcela;1.2103909242423319;0.14387622008867793;-0.9087026855551056;0.6775305961342415
dados_1020;rmp;rf;"{""max_depth"": 8, ""min_samples_leaf"": 2, ""n_estimators"": 600}";True;;108;3;parcela;1.2097715709094097;0.14406498985477903;-0.9028842322005483;0.6654320308739713
dados_1020;rmp;rf;"{""max_depth"": 8, ""min_samples_leaf"": 4, ""n_estimators"": 600}";True;;108;3;parcela;1.1856113246179714;0.10610791164327966;-0.8214087493783709;0.6140487303047314
dados_1020;rmp;gbr;"{""learning_rate"": 0.03, ""max_depth"": 2, ""n_estimators"": 300}";True;;108;3;parcela;1.3395071658284243;0.09213378548599828;-1.5245970356335026;1.3610591063417472
dados_1020;rmp;gbr;"{""learning_rate"": 0.03, ""max_depth"": 3, ""n_estimators"": 300}";True;;108;3;parcela;1.3037456712972515;0.07417433447820712;-1.3365889818232553;1.1383491336724727
dados_1020;rmp;gbr;"{""learning_rate"": 0.03, ""max_depth"": 2, ""n_estimators"": 600}";True;;108;3;parcela;1.3635183730287135;0.09636999505013026;-1.6288727343264862;1.4454590906858866
dados_1020;rmp;gbr;"{""learning_rate"": 0.03, ""max_depth"": 3, ""n_estimators"": 600}";True;;108;3;parcela;1.3059250909152764;0.0757353325416836;-1.3481535030369383;1.152552658174886
dados_1020;rmp;gbr;"{""learning_rate"": 0.03, ""max_depth"": 2, ""n_estimators"": 900}";True;;108;3;parcela;1.369522644891452;0.09733828754567574;-1.6515355055643333;1.4566090225191364
dados_1020;rmp;gbr;"{""learning_rate"": 0.03, ""max_depth"": 3, ""n_estimators"": 900}";True;;108;3;parcela;1.3067889301220073;0.07616317437671599;-1.3510795363842405;1.1535215727986154
dados_1020;rmp;gbr;"{""learning_rate"": 0.05, ""max_depth"": 2, ""n_estimators"": 300}";True;;108;3;parcela;1.3710153330248789;0.11242779024988125;-1.6711499343220997;1.4940887348456522
dados_1020;rmp;gbr;"{""learning_rate"": 0.05, ""max_depth"": 3, ""n_estimators"": 300}";True;;108;3;parcela;1.3127523630216935;0.08020345529171231;-1.3706276397709365;1.1581088289055745
dados_1020;rmp;gbr;"{""learning_rate"": 0.05, ""max_depth"": 2, ""n_estimators"": 600}";True;;108;3;parcela;1.3819990578320247;0.11316473044048528;-1.7114580055500674;1.5108897779220876
dados_1020;rmp;gbr;"{""learning_rate"": 0.05, ""max_depth"": 3, ""n_estimators"": 600}";True;;108;3;parcela;1.3137945576367944;0.08102289057977693;-1.3756951238610071;1.1635176016846638
dados_1020;rmp;gbr;"{""learning_rate"": 0.05, ""max_depth"": 2, ""n_estimators"": 900}";True;;108;3;parcela;1.3837969359532074;0.11606662532669704;-1.7230948380296136;1.5265885078581243
dados_1020;rmp;gbr;"{""learning_rate"": 0.05, ""max_depth"": 3, ""n_estimators"": 900}";True;;108;3;parcela;1.3139100698191395;0.08114403492425219;-1.3761623101466613;1.163846861266516
dados_1020;rmp;gbr;"{""learning_rate"": 0.08, ""max_depth"": 2, ""n_estimators"": 300}";True;;108;3;parcela;1.3420527382644092;0.08446276153911197;-1.5430836991136;1.3923044000614486
dados_1020;rmp;gbr;"{""learning_rate"": 0.08, ""max_depth"": 3, ""n_estimators"": 300}";True;;108;3;parcela;1.3141152420705613;0.07831955438170635;-1.3694808225402408;1.1436288503130552
dados_1020;rmp;gbr;"{""learning_rate"": 0.08, ""max_depth"": 2, ""n_estimators"": 600}";True;;108;3;parcela;1.344740422158009;0.08711917570435085;-1.5587758166080705;1.4125727505742511
dados_1020;rmp;gbr;"{""learning_rate"": 0.08, ""max_depth"": 3, ""n_estimators"": 600}";True;;108;3;parcela;1.314075350365175;0.07848723158163518;-1.3694651624470655;1.143902002906928
dados_1020;rmp;gbr;"{""learning_rate"": 0.08, ""max_depth"": 2, ""n_estimators"": 900}";True;;108;3;parcela;1.3446492944218615;0.08806047976858314;-1.5594778238426343;1.4150817252830028
dados_1020;rmp;gbr;"{""learning_rate"": 0.08, ""max_depth"": 3, ""n_estimators"": 900}";True;;108;3;parcela;1.3140715029501893;0.07849927580441728;-1.369463093875537;1.1439272385721322
dados_1020;densidade;ridge;"{""alpha"": 0.0}";True;;108;3;parcela;0.48023861007567303;0.206017716883049;-1.9807517386749882;3.8916363997587013
dados_1020;densidade;ridge;"{""alpha"": 0.01}";True;;108;3;parcela;0.4801234423857335;0.20590668463997674;-1.9785765174247254;3.888723087172809
dados_1020;densidade;ridge;"{""alpha"": 0.1}";True;;108;3;parcela;0.47910267878514246;0.20490914725867415;-1.959543966117005;3.8632554922890767
dados_1020;densidade;ridge;"{""alpha"": 1.0}";True;;108;3;parcela;0.4702118824139076;0.19517044534548023;-1.8123788113288783;3.668068124006166
dados_1020;densidade;ridge;"{""alpha"": 10.0}";True;;108;3;parcela;0.43489635294188206;0.13966716990889658;-1.6262445837155066;3.4561904398170125
dados_1020;densidade;ridge;"{""alpha"": 100.0}";True;;108;3;parcela;0.60402948230422;0.2684930947355102;-1.994739692995969;3.653385436204583
dados_1020;densidade;rf;"{""max_depth"": null, ""min_samples_leaf"": 1, ""n_estimators"": 600}";True;;108;3;parcela;0.3723981658624935;0.28716937903628864;0.2693252835697433;0.7297327608587141
dados_1020;densidade;rf;"{""max_depth"": null, ""min_samples_leaf"": 2, ""n_estimators"": 600}";True;;108;3;parcela;0.45564811504529334;0.2835785136239163;0.21688903346337077;0.7139006511087328
dados_1020;densidade;rf;"{""max_depth"": null, ""min_samples_leaf"": 4, ""n_estimators"": 600}";True;;108;3;parcela;0.7093820756640801;0.41992387755082544;-0.06984115272280318;0.6076437408343799
dados_1020;densidade;rf;"{""max_depth"": 3, ""min_samples_leaf"": 1, ""n_estimators"": 600}";True;;108;3;parcela;0.3771666843587167;0.2811691046536653;0.11391183845378938;0.9467108256200129
dados_1020;densidade;rf;"{""max_depth"": 3, ""min_samples_leaf"": 2, ""n_estimators"": 600}";True;;108;3;parcela;0.45920184165303485;0.2797895447831207;0.11600107934594635;0.8536423115578092
dados_1020;densidade;rf;"{""max_depth"": 3, ""min_samples_leaf"": 4, ""n_estimators"": 600}";True;;108;3;parcela;0.7108458177011977;0.4181177075401003;-0.11424435851641683;0.6701630529919163
dados_1020;densidade;rf;"{""max_depth"": 5, ""min_samples_leaf"": 1, ""n_estimators"": 600}";True;;108;3;parcela;0.3749794836948637;0.285746238384108;0.20422182622340332;0.8189652917625292
dados_1020;densidade;rf;"{""max_depth"": 5, ""min_samples_leaf"": 2, ""n_estimators"": 600}";True;;108;3;parcela;0.45688120097171825;0.2826279846093745;0.1852044913700465;0.7573764176735642
dados_1020;densidade;rf;"{""max_depth"": 5, ""min_samples_leaf"": 4, ""n_estimators"": 600}";True;;108;3;parcela;0.709540736639291;0.41975358469563373;-0.07418026503460322;0.6137130120929023
dados_1020;densidade;rf;"{""max_depth"": 8, ""min_samples_leaf"": 1, ""n_estimators"": 600}";True;;108;3;parcela;0.37270581138566317;0.2872007587669666;0.2553300863138648;0.748874770928192
dados_1020;densidade;rf;"{""max_depth"": 8, ""min_samples_leaf"": 2, ""n_estimators"": 600}";True;;108;3;parcela;0.45578979787465035;0.2835627086396028;0.2141211568024212;0.7176049849754063
dados_1020;densidade;rf;"{""max_depth"": 8, ""min_samples_leaf"": 4, ""n_estimators"": 600}";True;;108;3;parcela;0.7093820756640801;0.41992387755082544;-0.06984115272280318;0.6076437408343799
dados_1020;densidade;gbr;"{""learning_rate"": 0.03, ""max_depth"": 2, ""n_estimators"": 300}";True;;108;3;parcela;0.2883530977339203;0.18693541604721317;0.301390490720336;0.8245676767460429
dados_1020;densidade;gbr;"{""learning_rate"": 0.03, ""max_depth"": 3, ""n_estimators"": 300}";True;;108;3;parcela;0.286097723028393;0.1814249907026266;0.21904347259428567;0.946114644317943
dados_1020;densidade;gbr;"{""learning_rate"": 0.03, ""max_depth"": 2, ""n_estimators"": 600}";True;;108;3;parcela;0.2906082826142206;0.18738013964307318;0.23657562913122154;0.9143843188621239
dados_1020;densidade;gbr;"{""learning_rate"": 0.03, ""max_depth"": 3, ""n_estimators"": 600}";True;;108;3;parcela;0.286507402419282;0.18059642294781156;0.19105173805722728;0.9859592438546376
dados_1020;densidade;gbr;"{""learning_rate"": 0.03, ""max_depth"": 2, ""n_estimators"": 900}";True;;108;3;parcela;0.29074912307434236;0.1870145061453149;0.23301098812898294;0.9195337249486574
dados_1020;densidade;gbr;"{""learning_rate"": 0.03, ""max_depth"": 3, ""n_estimators"": 900}";True;;108;3;parcela;0.28619865366208463;0.18044673647873546;0.19511002518204026;0.9805254767737696
dados_1020;densidade;gbr;"{""learning_rate"": 0.05, ""max_depth"": 2, ""n_estimators"": 300}";True;;108;3;parcela;0.33213687286210014;0.24209492361221405;0.1907389909415079;0.9097980483456235
dados_1020;densidade;gbr;"{""learning_rate"": 0.05, ""max_depth"": 3, ""n_estimators"": 300}";True;;108;3;parcela;0.3070772351773164;0.20218571351155068;0.061723420921204086;1.1401756403059327
dados_1020;densidade;gbr;"{""learning_rate"": 0.05, ""max_depth"": 2, ""n_estimators"": 600}";True;;108;3;parcela;0.3317659740961858;0.240316860436184;0.16391288888364178;0.9492136239990505
dados_1020;densidade;gbr;"{""learning_rate"": 0.05, ""max_depth"": 3, ""n_estimators"": 600}";True;;108;3;parcela;0.307031397178339;0.20231389920388043;0.0628808493509192;1.1384937891314992
dados_1020;densidade;gbr;"{""learning_rate"": 0.05, ""max_depth"": 2, ""n_estimators"": 900}";True;;108;3;parcela;0.331152258048321;0.24012468436683207;0.1745928335135479;0.9348170603444416
dados_1020;densidade;gbr;"{""learning_rate"": 0.05, ""max_depth"": 3, ""n_estimators"": 900}";True;;108;3;parcela;0.3069443150689686;0.20236834803408155;0.06500693880152997;1.1355178355274296
dados_1020;densidade;gbr;"{""learning_rate"": 0.08, ""max_depth"": 2, ""n_estimators"": 300}";True;;108;3;parcela;0.2628753175454706;0.1463871248787049;0.2785410344103267;0.8968990540650499
dados_1020;densidade;gbr;"{""learning_rate"": 0.08, ""max_depth"": 3, ""n_estimators"": 300}";True;;108;3;parcela;0.25641064490570076;0.13634537973700275;0.18191461534805517;1.043242049089389
dados_1020;densidade;gbr;"{""learning_rate"": 0.08, ""max_depth"": 2, ""n_estimators"": 600}";True;;108;3;parcela;0.26238089899150846;0.14626894697309714;0.28470133085442356;0.8885588093176804
dados_1020;densidade;gbr;"{""learning_rate"": 0.08, ""max_depth"": 3, ""n_estimators"": 600}";True;;108;3;parcela;0.2562148223344966;0.13633170166769812;0.18469777437539495;1.0394294187030715
dados_1020;densidade;gbr;"{""learning_rate"": 0.08, ""max_depth"": 2, ""n_estimators"": 900}";True;;108;3;parcela;0.2620373672871073;0.1464620312986345;0.29306590257529536;0.876836847970042
dados_1020;densidade;gbr;"{""learning_rate"": 0.08, ""max_depth"": 3, ""n_estimators"": 900}";True;;108;3;parcela;0.25621355418482744;0.13632971838053326;0.18471432748551622;1.0394076621446284
dados_1020;n_espigas_com;ridge;"{""alpha"": 0.0}";True;;108;3;parcela;1.234696733797496e-11;1.1536632975345364e-11;1.0;0.0
dados_1020;n_espigas_com;ridge;"{""alpha"": 0.01}";True;;108;3;parcela;1.8189526314258708;0.8531890752979392;0.9999991453346823;5.713429241663866e-07
dados_1020;n_espigas_com;ridge;"{""alpha"": 0.1}";True;;108;3;parcela;17.89833042496303;8.416094530689445;0.9999172887216897;5.5437205774136965e-05
dados_1020;n_espigas_com;ridge;"{""alpha"": 1.0}";True;;108;3;parcela;155.40927136386327;74.5534955055626;0.9937880642617545;0.004257611271475513
dados_1020;n_espigas_com;ridge;"{""alpha"": 10.0}";True;;108;3;parcela;804.8395438802044;381.0540837351587;0.8382614015304175;0.11293427696328531
dados_1020;n_espigas_com;ridge;"{""alpha"": 100.0}";True;;108;3;parcela;2148.543252431937;687.1890720992667;0.04237321341778973;0.4548931386689309
dados_1020;n_espigas_com;rf;"{""max_depth"": null, ""min_samples_leaf"": 1, ""n_estimators"": 600}";True;;108;3;parcela;1112.787915534922;309.3677674716796;0.7540556887097823;0.08053033786535542
dados_1020;n_espigas_com;rf;"{""max_depth"": null, ""min_samples_leaf"": 2, ""n_estimators"": 600}";True;;108;3;parcela;1079.1614858658188;288.9624405541365;0.770650272802898;0.06425655408790552
dados_1020;n_espigas_com;rf;"{""max_depth"": null, ""min_samples_leaf"": 4, ""n_estimators"": 600}";True;;108;3;parcela;1074.207571475377;262.30725166243394;0.774286520095229;0.04175612290886081
dados_1020;n_espigas_com;rf;"{""max_depth"": 3, ""min_samples_leaf"": 1, ""n_estimators"": 600}";True;;108;3;parcela;1157.5626995299426;318.1956597166296;0.7322449291298442;0.08949398760832375
dados_1020;n_espigas_com;rf;"{""max_depth"": 3, ""min_samples_leaf"": 2, ""n_estimators"": 600}";True;;108;3;parcela;1110.998454853152;275.59775772070356;0.7553799315588083;0.06115977944340509
dados_1020;n_espigas_com;rf;"{""max_depth"": 3, ""min_samples_leaf"": 4, ""n_estimators"": 600}";True;;108;3;parcela;1089.9858397563373;257.2719519823866;0.7670472509857483;0.039358395503802344
dados_1020;n_espigas_com;rf;"{""max_depth"": 5, ""min_samples_leaf"": 1, ""n_estimators"": 600}";True;;108;3;parcela;1103.6672866594351;304.73530840606645;0.7589369830113721;0.0757466397303691
dados_1020;n_espigas_com;rf;"{""max_depth"": 5, ""min_samples_leaf"": 2, ""n_estimators"": 600}";True;;108;3;parcela;1079.6644439058123;285.1505055431291;0.7703108176707717;0.06260087335092165
dados_1020;n_espigas_com;rf;"{""max_depth"": 5, ""min_samples_leaf"": 4, ""n_estimators"": 600}";True;;108;3;parcela;1074.207571475377;262.30725166243394;0.774286520095229;0.04175612290886081
dados_1020;n_espigas_com;rf;"{""max_depth"": 8, ""min_samples_leaf"": 1, ""n_estimators"": 600}";True;;108;3;parcela;1113.1595078713976;309.7510433342531;0.7538771626194153;0.08076242055665137
dados_1020;n_espigas_com;rf;"{""max_depth"": 8, ""min_samples_leaf"": 2, ""n_estimators"": 600}";True;;108;3;parcela;1079.1614858658188;288.9624405541365;0.770650272802898;0.06425655408790552
dados_1020;n_espigas_com;rf;"{""max_depth"": 8, ""min_samples_leaf"": 4, ""n_estimators"": 600}";True;;108;3;parcela;1074.207571475377;262.30725166243394;0.774286520095229;0.04175612290886081
dados_1020;n_espigas_com;gbr;"{""learning_rate"": 0.03, ""max_depth"": 2, ""n_estimators"": 300}";True;;108;3;parcela;968.7086698018464;383.2363779835227;0.8183880756854945;0.09111134740001585
dados_1020;n_espigas_com;gbr;"{""learning_rate"": 0.03, ""max_depth"": 3, ""n_estimators"": 300}";True;;108;3;parcela;1038.8344266515135;329.72925458680305;0.7896248641327531;0.07808312409098211
dados_1020;n_espigas_com;gbr;"{""learning_rate"": 0.03, ""max_depth"": 2, ""n_estimators"": 600}";True;;108;3;parcela;968.0898091279774;382.7603309437586;0.8186253776202258;0.09091357885145926
dados_1020;n_espigas_com;gbr;"{""learning_rate"": 0.03, ""max_depth"": 3, ""n_estimators"": 600}";True;;108;3;parcela;1038.6379991636115;329.5938059705185;0.7897026069885463;0.07802556837559209
dados_1020;n_espigas_com;gbr;"{""learning_rate"": 0.03, ""max_depth"": 2, ""n_estimators"": 900}";True;;108;3;parcela;968.0895466305523;382.7601257448344;0.818625480884227;0.09091348567741003
dados_1020;n_espigas_com;gbr;"{""learning_rate"": 0.03, ""max_depth"": 3, ""n_estimators"": 900}";True;;108;3;parcela;1038.6379734803695;329.5937877309658;0.7897026172025466;0.07802556045745782
dados_1020;n_espigas_com;gbr;"{""learning_rate"": 0.05, ""max_depth"": 2, ""n_estimators"": 300}";True;;108;3;parcela;947.7033605932733;366.73081761211813;0.8268418595876637;0.08276563218130135
dados_1020;n_espigas_com;gbr;"{""learning_rate"": 0.05, ""max_depth"": 3, ""n_estimators"": 300}";True;;108;3;parcela;1047.4366037411774;278.7899118766824;0.7869814666150564;0.04744307031536921
dados_1020;n_espigas_com;gbr;"{""learning_rate"": 0.05, ""max_depth"": 2, ""n_estimators"": 600}";True;;108;3;parcela;947.7003010482334;366.7283880258701;0.8268430199656361;0.08276459810729717
dados_1020;n_espigas_com;gbr;"{""learning_rate"": 0.05, ""max_depth"": 3, ""n_estimators"": 600}";True;;108;3;parcela;1047.4361595833507;278.78961692995375;0.7869816393942485;0.04744295157851653
dados_1020;n_espigas_com;gbr;"{""learning_rate"": 0.05, ""max_depth"": 2, ""n_estimators"": 900}";True;;108;3;parcela;947.700301048072;366.7283880256267;0.8268430199657102;0.08276459810716738
dados_1020;n_espigas_com;gbr;"{""learning_rate"": 0.05, ""max_depth"": 3, ""n_estimators"": 900}";True;;108;3;parcela;1047.4361595833507;278.78961692995375;0.7869816393942485;0.04744295157851653
dados_1020;n_espigas_com;gbr;"{""learning_rate"": 0.08, ""max_depth"": 2, ""n_estimators"": 300}";True;;108;3;parcela;946.8253690763948;363.65754578373856;0.827081811612865;0.08207201421049526
dados_1020;n_espigas_com;gbr;"{""learning_rate"": 0.08, ""max_depth"": 3, ""n_estimators"": 300}";True;;108;3;parcela;905.3678166572357;274.07089645263517;0.8448514359422775;0.03207287159245337
dados_1020;n_espigas_com;gbr;"{""learning_rate"": 0.08, ""max_depth"": 2, ""n_estimators"": 600}";True;;108;3;parcela;946.821149253819;363.6635475250335;0.8270832775399821;0.08207378958594114
dados_1020;n_espigas_com;gbr;"{""learning_rate"": 0.08, ""max_depth"": 3, ""n_estimators"": 600}";True;;108;3;parcela;905.3678166308524;274.0708964373415;0.844851435951079;0.03207287158679293
dados_1020;n_espigas_com;gbr;"{""learning_rate"": 0.08, ""max_depth"": 2, ""n_estimators"": 900}";True;;108;3;parcela;946.8210825689144;363.66364465741304;0.8270833006210632;0.08207381859360462
dados_1020;n_espigas_com;gbr;"{""learning_rate"": 0.08, ""max_depth"": 3, ""n_estimators"": 900}";True;;108;3;parcela;905.3678166308524;274.0708964373415;0.844851435951079;0.03207287158679293
dados_1020;peso_espigas;ridge;"{""alpha"": 0.0}";True;;108;3;parcela;224.78604049482342;39.92577541697473;0.805316102297733;0.10010009804005911
dados_1020;peso_espigas;ridge;"{""alpha"": 0.01}";True;;108;3;parcela;224.81817609455916;39.82309156938488;0.8054139467072043;0.0997233110896347
dados_1020;peso_espigas;ridge;"{""alpha"": 0.1}";True;;108;3;parcela;225.14461435839988;38.9172845959134;0.8061985623306785;0.09640108463897726
dados_1020;peso_espigas;ridge;"{""alpha"": 1.0}";True;;108;3;parcela;230.79578026803543;33.16298189301926;0.807014849759713;0.06894212623273606
dados_1020;peso_espigas;ridge;"{""alpha"": 10.0}";True;;108;3;parcela;306.79246836217106;102.61724269334367;0.6641823780136148;0.17040243234160293
dados_1020;peso_espigas;ridge;"{""alpha"": 100.0}";True;;108;3;parcela;610.2507805003033;223.5573268787942;-0.28790999473887824;0.7047862836806432
dados_1020;peso_espigas;rf;"{""max_depth"": null, ""min_samples_leaf"": 1, ""n_estimators"": 600}";True;;108;3;parcela;446.6618496754333;93.5156549527822;0.2912589891101285;0.22641697587458018
dados_1020;peso_espigas;rf;"{""max_depth"": null, ""min_samples_leaf"": 2, ""n_estimators"": 600}";True;;108;3;parcela;449.43077368630446;95.84727085617239;0.2801630229297392;0.23706119527129624
dados_1020;peso_espigas;rf;"{""max_depth"": null, ""min_samples_leaf"": 4, ""n_estimators"": 600}";True;;108;3;parcela;453.0035254570871;84.17871147614254;0.2714533249861543;0.21571812486010092
dados_1020;peso_espigas;rf;"{""max_depth"": 3, ""min_samples_leaf"": 1, ""n_estimators"": 600}";True;;108;3;parcela;462.83912758504056;90.04420027604216;0.2229141604947936;0.2675567087272932
dados_1020;peso_espigas;rf;"{""max_depth"": 3, ""min_samples_leaf"": 2, ""n_estimators"": 600}";True;;108;3;parcela;464.31612809575273;93.38515178425519;0.21524050093070324;0.27827383596635286
dados_1020;peso_espigas;rf;"{""max_depth"": 3, ""min_samples_leaf"": 4, ""n_estimators"": 600}";True;;108;3;parcela;455.27905992987735;79.66168383854027;0.2567487628361652;0.23028206152815717
dados_1020;peso_espigas;rf;"{""max_depth"": 5, ""min_samples_leaf"": 1, ""n_estimators"": 600}";True;;108;3;parcela;446.3328055493618;91.34015138711972;0.2925681636676333;0.22205596178545564
dados_1020;peso_espigas;rf;"{""max_depth"": 5, ""min_samples_leaf"": 2, ""n_estimators"": 600}";True;;108;3;parcela;446.7682350293682;92.88561401133933;0.28895528932688497;0.22975291259826494
dados_1020;peso_espigas;rf;"{""max_depth"": 5, ""min_samples_leaf"": 4, ""n_estimators"": 600}";True;;108;3;parcela;453.09646673588514;84.28857987122556;0.2711571475141568;0.21592187415747582
dados_1020;peso_espigas;rf;"{""max_depth"": 8, ""min_samples_leaf"": 1, ""n_estimators"": 600}";True;;108;3;parcela;446.5637229884772;93.43835799975678;0.29152474084640795;0.2263233779409371
dados_1020;peso_espigas;rf;"{""max_depth"": 8, ""min_samples_leaf"": 2, ""n_estimators"": 600}";True;;108;3;parcela;449.4539357413342;95.8845032565644;0.2800778746027531;0.23716258183701697
dados_1020;peso_espigas;rf;"{""max_depth"": 8, ""min_samples_leaf"": 4, ""n_estimators"": 600}";True;;108;3;parcela;453.0035254570871;84.17871147614254;0.2714533249861543;0.21571812486010092
dados_1020;peso_espigas;gbr;"{""learning_rate"": 0.03, ""max_depth"": 2, ""n_estimators"": 300}";True;;108;3;parcela;443.9515440677912;70.1606382475621;0.3125082659563602;0.15902649969880947
dados_1020;peso_espigas;gbr;"{""learning_rate"": 0.03, ""max_depth"": 3, ""n_estimators"": 300}";True;;108;3;parcela;437.3980338310669;95.49272008662118;0.33953328619710327;0.17809992607481126
dados_1020;peso_espigas;gbr;"{""learning_rate"": 0.03, ""max_depth"": 2, ""n_estimators"": 600}";True;;108;3;parcela;442.71374243752797;69.77861797492999;0.3167514110465564;0.15711309474673774
dados_1020;peso_espigas;gbr;"{""learning_rate"": 0.03, ""max_depth"": 3, ""n_estimators"": 600}";True;;108;3;parcela;436.65562882466537;94.38232812136886;0.3419175825515491;0.1748010795384065
dados_1020;peso_espigas;gbr;"{""learning_rate"": 0.03, ""max_depth"": 2, ""n_estimators"": 900}";True;;108;3;parcela;441.8010855528176;69.17220030376195;0.31919316528108566;0.15775950205291292
dados_1020;peso_espigas;gbr;"{""learning_rate"": 0.03, ""max_depth"": 3, ""n_estimators"": 900}";True;;108;3;parcela;436.67004571721424;94.35433969001453;0.3419159787302748;0.17461920090463504
dados_1020;peso_espigas;gbr;"{""learning_rate"": 0.05, ""max_depth"": 2, ""n_estimators"": 300}";True;;108;3;parcela;464.29683888814367;85.23677176182166;0.25751650594545955;0.15660855241306065
dados_1020;peso_espigas;gbr;"{""learning_rate"": 0.05, ""max_depth"": 3, ""n_estimators"": 300}";True;;108;3;parcela;436.63631512519015;90.10359652812436;0.3368054534513396;0.17964018936508122
dados_1020;peso_espigas;gbr;"{""learning_rate"": 0.05, ""max_depth"": 2, ""n_estimators"": 600}";True;;108;3;parcela;462.5397038694197;83.74021194151304;0.26278864457677303;0.15430120223532295
dados_1020;peso_espigas;gbr;"{""learning_rate"": 0.05, ""max_depth"": 3, ""n_estimators"": 600}";True;;108;3;parcela;436.86854447357626;90.26627564039356;0.3361254165287934;0.17999752278888023
dados_1020;peso_espigas;gbr;"{""learning_rate"": 0.05, ""max_depth"": 2, ""n_estimators"": 900}";True;;108;3;parcela;463.02640980167706;83.98786149616045;0.2612045836895276;0.15506413139990033
dados_1020;peso_espigas;gbr;"{""learning_rate"": 0.05, ""max_depth"": 3, ""n_estimators"": 900}";True;;108;3;parcela;436.8646213204632;90.25864012977597;0.3361354413263245;0.179985417596778
dados_1020;peso_espigas;gbr;"{""learning_rate"": 0.08, ""max_depth"": 2, ""n_estimators"": 300}";True;;108;3;parcela;445.3019277080222;75.7942729166394;0.31595449995525676;0.13837688837446385
dados_1020;peso_espigas;gbr;"{""learning_rate"": 0.08, ""max_depth"": 3, ""n_estimators"": 300}";True;;108;3;parcela;428.7800749812241;81.26099331692471;0.35942325077022286;0.16267587445421508
dados_1020;peso_espigas;gbr;"{""learning_rate"": 0.08, ""max_depth"": 2, ""n_estimators"": 600}";True;;108;3;parcela;444.6163121191907;75.30101164483129;0.3177822776748583;0.13865316073327555
dados_1020;peso_espigas;gbr;"{""learning_rate"": 0.08, ""max_depth"": 3, ""n_estimators"": 600}";True;;108;3;parcela;428.80214980208643;81.28929348882198;0.35934211417188205;0.16277925474980057
dados_1020;peso_espigas;gbr;"{""learning_rate"": 0.08, ""max_depth"": 2, ""n_estimators"": 900}";True;;108;3;parcela;444.6200819000317;75.29677932776502;0.31776909093052286;0.13865881605034372
dados_1020;peso_espigas;gbr;"{""learning_rate"": 0.08, ""max_depth"": 3, ""n_estimators"": 900}";True;;108;3;parcela;428.8008477296933;81.28734379735789;0.35934716319873367;0.16277189121824118
